{
  "0": 0.04505445883562896,
  "1": 0.0,
  "2": 1.8459432760859582,
  "3": 0.3474714111381222,
  "4": 0.616103504974786,
  "5": 0.0,
  "6": 1.5478263726782844,
  "7": 2.5006913144119087,
  "8": 0.7509180016527213,
  "9": 2.4550502205527915,
  "10": 0.0,
  "11": 0.0,
  "12": 0.0,
  "13": 0.08426640635618618,
  "14": 1.730923452896601,
  "15": 1.9259104150589281,
  "16": 0.9254482516437046,
  "17": 0.0
}
