{
  "0": 1.7298152745377582,
  "1": 1.508495717165313,
  "2": 1.3692496452736882,
  "3": -0.0,
  "4": -0.0,
  "5": 0.9405625479869213,
  "6": 1.6505354603428841,
  "7": -0.0,
  "8": 0.6944460704939805,
  "9": 0.08260936182725685,
  "10": -0.0,
  "11": -0.0,
  "12": 0.1417646905662347,
  "13": 0.9254482516437046,
  "14": 0.5358052192466853,
  "15": 2.1090033891845774,
  "16": -0.0,
  "17": 1.211596526615323,
  "18": -0.0,
  "19": 2.7691401605525985,
  "20": 2.5646018921858054,
  "21": 0.28080259986433553,
  "22": -0.0,
  "23": -0.0,
  "24": 0.5159469300074474,
  "25": 0.9580420222262995,
  "26": 0.03908175497953278
}
