{
  "0": 1.0091985277267481,
  "1": 1.9208570218010363,
  "2": 2.433215832135587,
  "3": -0.0,
  "4": 0.03260036713734486,
  "5": -0.0,
  "6": 2.3691484136456986,
  "7": -0.0,
  "8": -0.0,
  "9": 0.6281075479535725,
  "10": -0.0,
  "11": 1.1176403478423842,
  "12": -0.0,
  "13": -0.0,
  "14": 0.5886082531889545,
  "15": -0.0,
  "16": 0.3930202041906017,
  "17": 1.7452812293167397,
  "18": 1.114643780889931,
  "19": -0.0,
  "20": 0.9918978907795157,
  "21": 1.4196215198794075,
  "22": 0.5440827084020023,
  "23": 0.46170066929028747,
  "24": 2.319760054599284,
  "25": 1.1003111621563573,
  "26": -0.0,
  "27": -0.0,
  "28": 1.2886656299980312,
  "29": -0.0,
  "30": -0.0,
  "31": 0.04292399696302437,
  "32": -0.0,
  "33": 1.195254258652497,
  "34": 0.9182958340544896,
  "35": 2.0970062368697344
}
