{
  "0": 2.1991638890950385,
  "1": 0.16429466953448726,
  "2": 1.1792480259042433,
  "3": -0.0,
  "4": -0.0,
  "5": -0.0,
  "6": -0.0,
  "7": -0.0,
  "8": 0.09694460606247315,
  "9": 0.7128543430256925,
  "10": 2.3384583130063485,
  "11": -0.0,
  "12": 1.3635076530254993,
  "13": -0.0,
  "14": 0.44189786008268167,
  "15": 0.9695838124491845,
  "16": 2.402567312323905,
  "17": -0.0,
  "18": -0.0,
  "19": -0.0,
  "20": -0.0,
  "21": 0.9097361225311662,
  "22": -0.0,
  "23": 1.4693834124732037,
  "24": 0.49466502750114877,
  "25": -0.0,
  "26": -0.0,
  "27": 0.10479745985642555,
  "28": 0.4748384883008606,
  "29": 2.415790914848768,
  "30": 0.047837447427700956,
  "31": 0.05475065807353418,
  "32": -0.0,
  "33": 0.19590927087360493,
  "34": 0.999806132804711,
  "35": -0.0,
  "36": -0.0,
  "37": -0.0,
  "38": 2.0761516782679865,
  "39": 0.3372900666170139,
  "40": -0.0,
  "41": -0.0,
  "42": 0.1792560669283215,
  "43": 0.934068055375491,
  "44": -0.0,
  "45": -0.0,
  "46": 0.4170376179768731,
  "47": 1.1306976440464362,
  "48": 0.6944460704939805,
  "49": 1.77141342697638,
  "50": -0.0,
  "51": -0.0,
  "52": 2.12512014449549,
  "53": 1.0391202174534067
}
